Position;Pi
416;0.01113
466;0.01013
516;0.00962
566;0.00763
616;0.00525
666;0.0035
716;0.003
766;0.0025
816;0.0025
866;0.0025
916;0.003
966;0.0025
1016;0.0025
1066;0.002
1116;0.002
1166;0.0025
1216;0.003
1266;0.004
1316;0.004
1366;0.004
1416;0.004
1466;0.0035
1523;0.0035
1573;0.0045
1627;0.00675
1677;0.0075
1730;0.009
1780;0.0095
1830;0.0095
1880;0.01
1930;0.011
1981;0.0105
2031;0.01
2081;0.0095
2131;0.0095
2181;0.01
2231;0.0105
2281;0.01
2331;0.01175
2381;0.01075
2431;0.0115
2481;0.01125
2531;0.0105
2581;0.0105
2631;0.011
2681;0.013
2731;0.0125
2781;0.013
2831;0.0145
2881;0.015
2931;0.016
2981;0.0165
3031;0.018
3081;0.018
3131;0.01675
3181;0.01825
3231;0.01525
3281;0.01525
3331;0.0145
3381;0.0145
3431;0.0145
3481;0.012
3531;0.012
3581;0.0125
3631;0.0115
3684;0.012
3734;0.011
3784;0.011
3834;0.01
3885;0.01
3935;0.01
3985;0.008
4035;0.0085
4085;0.0085
4135;0.008
4185;0.0075
4235;0.0085
4285;0.009
4335;0.011
4385;0.011
4436;0.0135
4486;0.015
4537;0.016
4587;0.016
4638;0.0165
4688;0.017
4739;0.0175
4812;0.018
4862;0.0175
4913;0.017
4963;0.0175
5013;0.018
5063;0.0165
5122;0.0165
5172;0.014
5222;0.014
5272;0.012
5322;0.01
5372;0.01
5422;0.0095
5472;0.0085
5522;0.0085
5573;0.008
5623;0.009
5673;0.01
5723;0.0105
5773;0.0115
5823;0.0115
5874;0.0115
5924;0.0115
5974;0.012
6024;0.0125
6074;0.012
6124;0.0115
6174;0.011
6224;0.01388
6274;0.01488
6324;0.01488
6374;0.01438
6431;0.01338
6481;0.01413
6542;0.01463
6592;0.01513
6648;0.01613
6698;0.01613
6748;0.01663
6827;0.01663
6885;0.01563
6937;0.01563
6987;0.01513
7037;0.01563
7087;0.01275
7137;0.01125
7191;0.01175
7241;0.01175
7291;0.01125
7341;0.0095
7391;0.0085
7443;0.0075
7493;0.006
7543;0.00775
7593;0.00675
7643;0.00625
7693;0.00575
7743;0.00625
7793;0.00625
7843;0.00525
7893;0.00575
7943;0.00775
7993;0.00675
8043;0.00725
8093;0.00725
8143;0.00775
8193;0.00825
8247;0.00725
8297;0.00775
8348;0.006
8398;0.006
8450;0.0065
8500;0.0065
8550;0.006
8603;0.006
8656;0.0065
8706;0.006
8756;0.01275
8806;0.015
8878;0.015
8928;0.0165
8978;0.0165
9028;0.0165
9078;0.0165
9149;0.0165
9199;0.0165
9249;0.0175
9299;0.017
9349;0.017
9399;0.017
9449;0.01775
9499;0.01825
9549;0.01825
9599;0.0095
9649;0.00775
9699;0.00775
9749;0.00625
9799;0.00675
9849;0.00625
9899;0.00675
9949;0.00625
9999;0.00775
10050;0.00675
10100;0.00675
10150;0.00725
10200;0.00675
10250;0.006
10300;0.005
10350;0.0045
10401;0.005
10452;0.0045
10502;0.0055
10552;0.006
10602;0.005
10652;0.005
10702;0.0045
10752;0.0055
10802;0.004
10852;0.004
10902;0.004
10952;0.0035
11002;0.0035
11052;0.0045
11102;0.005
11152;0.0055
11202;0.005
11252;0.005
11302;0.0035
11352;0.003
11402;0.0035
11452;0.004
11502;0.004
11552;0.003
11602;0.003
11652;0.0035
11702;0.0035
11752;0.0035
11802;0.0035
11852;0.00375
11902;0.00375
11952;0.00325
12002;0.00325
12052;0.00325
12102;0.00325
12152;0.00375
12202;0.00325
12252;0.00325
12302;0.00325
12352;0.00375
12402;0.00375
12452;0.00325
12502;0.00325
12552;0.00325
12602;0.005
12652;0.00425
12702;0.00425
12752;0.00525
12808;0.00575
12864;0.00575
12914;0.00575
12964;0.00525
13014;0.00525
13064;0.00475
13114;0.00475
13164;0.00425
13214;0.00475
13264;0.00525
13314;0.00575
13364;0.00675
13414;0.0065
13464;0.006
13514;0.0055
13571;0.0045
13621;0.004
13671;0.004
13721;0.0045
13771;0.005
13821;0.005
13879;0.0065
13929;0.0065
13979;0.0065
14029;0.0065
14079;0.006
14129;0.0055
14179;0.005
14229;0.00725
14279;0.00775
14329;0.00925
14379;0.00925
14429;0.00925
14479;0.01025
14529;0.00975
14597;0.01025
14647;0.01075
14697;0.00925
14752;0.01
14802;0.01
14852;0.0095
14902;0.0095
14952;0.0095
15003;0.009
15062;0.00575
15113;0.00525
15163;0.00375
15213;0.00375
15263;0.00375
15313;0.00275
15363;0.00275
15413;0.00175
15463;0.00175
15513;0.00175
15563;0.002
15613;0.0025
15663;0.0035
15713;0.0035
15763;0.004
15813;0.0045
15865;0.004
15915;0.0045
15965;0.0045
16020;0.005
16070;0.005
16120;0.005
16170;0.0055
16220;0.0055
16270;0.005
16320;0.0055
16370;0.0045
16420;0.00638
16470;0.00588
16520;0.00588
16570;0.00588
16620;0.00538
16670;0.00538
16720;0.00488
16770;0.00488
16822;0.00438
16872;0.00488
16922;0.00538
16976;0.00588
17026;0.00638
17076;0.00688
17126;0.00638
17176;0.00638
17226;0.004
17276;0.0035
17326;0.0035
17376;0.0035
17426;0.0035
17476;0.0035
17526;0.0035
17576;0.0035
17626;0.004
17676;0.0035
17726;0.0035
17776;0.0025
17826;0.002
17876;0.0015
17926;0.0015
17976;0.0015
18026;0.0015
18076;0.002
18126;0.002
18176;0.0015
18226;0.0015
18276;0.0015
18326;0.0015
18376;0.003
18426;0.003
18476;0.003
18526;0.003
18576;0.003
18626;0.003
18676;0.005
18726;0.005
18776;0.0055
18826;0.0055
18876;0.0055
18926;0.0055
18976;0.0055
19026;0.0055
19076;0.0065
19126;0.007
19176;0.0055
19226;0.005
19276;0.005
19326;0.0045
19376;0.0045
19426;0.0045
19476;0.003
19526;0.0035
19576;0.003
19626;0.003
19676;0.0035
19726;0.0035
19776;0.0035
19826;0.004
19876;0.004
19926;0.004
19976;0.004
20026;0.004
20076;0.0045
20126;0.0045
20176;0.005
20226;0.0055
20276;0.005
20326;0.0045
20376;0.0045
20426;0.0045
20476;0.0035
20526;0.004
20576;0.004
20626;0.0035
20676;0.0025
20726;0.0025
20776;0.0025
20826;0.0025
20876;0.0035
20926;0.004
20976;0.0035
21026;0.003
21076;0.003
21126;0.0035
21176;0.0035
21226;0.0035
21276;0.004
21326;0.0035
21376;0.0035
21426;0.0035
21476;0.0035
21526;0.003
21576;0.003
21626;0.003
21676;0.002
21726;0.0015
21776;0.002
21826;0.002
21876;0.002
21926;0.0015
21976;0.0015
22026;0.0015
22076;0.001
22126;0.001
22176;0.001
22226;0.001
22276;0.001
22326;0.001
22376;0.0015
22426;0.0015
22476;0.001
22526;0.0015
22576;0.001
22626;0.001
22676;0.002
22726;0.002
22776;0.002
22826;0.0025
22876;0.0025
22926;0.003
22976;0.003
23026;0.003
23076;0.003
23126;0.005
23176;0.0045
23226;0.0045
23277;0.005
23327;0.0045
23377;0.005
23427;0.005
23477;0.004
23527;0.004
23577;0.004
23627;0.0035
23677;0.0035
23727;0.003
23777;0.003
23827;0.003
23877;0.003
23927;0.0015
23977;0.0015
24027;0.0015
24077;0.001
24127;0.001
24177;0.0005
24227;0.0005
24277;0.001
24327;0.001
24377;0.001
24427;0.001
24477;0.001
24527;0.0015
24577;0.0015
24627;0.002
24677;0.0025
24727;0.002
24777;0.003
24827;0.003
24877;0.0035
24927;0.0035
24977;0.0035
25027;0.004
25077;0.0035
25127;0.004
25177;0.004
25227;0.005
25277;0.005
25327;0.0045
25377;0.0045
25427;0.004
25477;0.004
25527;0.004
25577;0.0035
25627;0.004
25677;0.0035
25727;0.0035
25777;0.0035
25827;0.003
25877;0.0035
25927;0.003
25977;0.003
26027;0.002
26077;0.00275
26127;0.00325
26177;0.00375
26227;0.00375
26277;0.00325
26327;0.00325
26377;0.00275
26427;0.00225
26477;0.00225
26527;0.00275
26577;0.00325
26627;0.00325
26677;0.00325
26727;0.00325
26777;0.00325
26827;0.00375
26877;0.003
26927;0.0025
26977;0.002
27027;0.003
27077;0.003
27127;0.0035
27177;0.004
27227;0.005
27277;0.005
27327;0.0045
27377;0.00625
27427;0.00625
27477;0.00575
27527;0.00675
27577;0.00675
27627;0.00825
27677;0.00925
27727;0.01075
27777;0.01075
27828;0.00975
27878;0.00975
27928;0.00975
27981;0.00925
28031;0.00875
28081;0.00875
28131;0.00925
28181;0.007
28231;0.007
28282;0.0075
28332;0.007
28382;0.0085
28432;0.007
28483;0.0065
28533;0.007
28594;0.0095
28644;0.01
28694;0.011
28744;0.011
28794;0.012
28854;0.012
28904;0.0125
28961;0.0125
29011;0.0125
29065;0.013
29118;0.013
29168;0.0125
29218;0.012
29268;0.0115
29318;0.0115
29368;0.01
29418;0.009
29468;0.0085
29518;0.009
29568;0.0095
29618;0.0085
29668;0.0085
29718;0.008
29838;0.008
29897;0.008
29947;0.009
29997;0.0135
30047;0.0135
30097;0.0125
30147;0.0155
30197;0.0155
30247;0.015
30297;0.014
30347;0.014
30397;0.013
30447;0.012
30497;0.0135
30547;0.013
30597;0.0145
30648;0.0145
30698;0.015
30748;0.0155
30798;0.0105
30848;0.0105
30898;0.011
30948;0.0085
30998;0.008
31048;0.0085
31098;0.008
31150;0.008
31200;0.0075
31250;0.008
31300;0.0075
31350;0.008
31400;0.007
31450;0.007
31500;0.007
31550;0.006
31600;0.006
31650;0.006
31700;0.00788
31750;0.00738
31800;0.00738
31850;0.00688
31900;0.00788
31960;0.00888
32010;0.00987
32060;0.00987
32110;0.00987
32160;0.00937
32219;0.00937
32270;0.00937
32320;0.00887
32370;0.00787
32431;0.00787
32481;0.00837
32531;0.0075
32581;0.0075
32631;0.008
32681;0.0085
32731;0.008
32781;0.0075
32831;0.0065
32881;0.0065
32936;0.006
32986;0.006
33036;0.006
33086;0.006
33136;0.006
33186;0.006
33236;0.0065
33286;0.006
33336;0.0045
33386;0.0045
33436;0.004
33486;0.0035
33536;0.00375
33586;0.00325
33636;0.00325
33686;0.00275
33736;0.00225
33786;0.00225
33836;0.00175
33886;0.00225
33936;0.00225
33986;0.00225
34036;0.00175
34086;0.00175
34136;0.00175
34186;0.00225
34236;0.00225
34286;0.00325
34336;0.003
34386;0.003
34436;0.004
34486;0.0045
34536;0.0045
34586;0.0045
34636;0.0045
34686;0.0035
34736;0.0035
34786;0.004
34836;0.005
34886;0.005
34936;0.005
34986;0.0045
35036;0.0045
35086;0.004
35136;0.0035
35186;0.0035
35236;0.0025
35286;0.003
35336;0.003
35386;0.003
35436;0.003
35486;0.003
35536;0.0035
35586;0.00375
35636;0.00275
35686;0.00375
35736;0.00375
35786;0.00425
35836;0.00425
35886;0.00375
35936;0.00375
35986;0.00425
36036;0.00475
36088;0.00475
36138;0.00475
36188;0.00525
36238;0.00525
36288;0.00525
36338;0.00475
36388;0.004
36438;0.0045
36488;0.004
36539;0.005
36589;0.005
36643;0.00675
36693;0.00725
36743;0.00725
36793;0.00725
36843;0.00775
36897;0.0075
36947;0.008
36999;0.0075
37049;0.0075
37099;0.0075
37149;0.0075
37199;0.0085
37262;0.008
37320;0.0075
37370;0.007
37421;0.0065
37471;0.00525
37521;0.00475
37571;0.00475
37621;0.00525
37671;0.00425
37721;0.0035
37771;0.003
37821;0.003
37871;0.003
37921;0.003
37971;0.003
38021;0.002
38071;0.002
38121;0.002
38171;0.0015
38221;0.0015
38271;0.001
38321;0.0015
38371;0.0015
38421;0.0015
38471;0.0015
38521;0.002
38571;0.002
38621;0.002
38671;0.002
38721;0.002
38771;0.002
38821;0.002
38871;0.0025
38921;0.0025
38971;0.0025
39021;0.003
39071;0.003
39121;0.0025
39171;0.0025
39221;0.0015
39271;0.0025
39321;0.002
39371;0.002
39421;0.0025
39471;0.003
39521;0.0035
39571;0.0035
39621;0.0035
39671;0.003
39721;0.0035
39771;0.004
39821;0.0035
39871;0.0035
39921;0.0035
39971;0.0035
40021;0.0035
40071;0.003
40121;0.003
40171;0.003
40221;0.003
40271;0.0025
40321;0.002
40371;0.002
40421;0.002
40471;0.002
40521;0.0015
40571;0.001
40621;0.001
40671;0.001
40721;0.001
40771;0.001
40821;0.001
40871;0.0005
40921;0.0005
40971;0.0005
41021;0
41071;0.0005
41121;0.001
41171;0.0015
41221;0.0015
41271;0.0015
41321;0.0015
41371;0.0015
41421;0.0015
41471;0.0015
41521;0.002
41571;0.002
41621;0.002
41671;0.0025
41721;0.0025
41771;0.003
41821;0.003
41871;0.0025
41921;0.002
41971;0.002
42021;0.002
42071;0.0025
42121;0.0025
42171;0.0025
42221;0.00375
42271;0.00375
42321;0.00325
42371;0.00425
42421;0.00475
42471;0.00575
42521;0.00675
42571;0.00725
42621;0.00775
42671;0.00775
42721;0.00775
42771;0.00725
42821;0.00825
42873;0.00775
42935;0.00775
42986;0.00775
43036;0.007
43086;0.007
43136;0.0075
43192;0.0065
43274;0.006
43324;0.0045
43374;0.0035
43424;0.0025
43474;0.0025
43524;0.003
43574;0.005
43635;0.008
43685;0.007
43735;0.008
43785;0.008
43835;0.008
43885;0.0075
43935;0.0075
43985;0.007
44035;0.007
44085;0.008
44137;0.009
44187;0.0095
44237;0.0095
44287;0.009
44337;0.0085
44387;0.0065
44437;0.0035
44487;0.0035
44537;0.0025
44587;0.0025
44637;0.003
44687;0.003
44737;0.003
44787;0.003
44837;0.003
44887;0.002
44937;0.002
44987;0.002
45050;0.002
45100;0.0025
45150;0.003
45200;0.003
45250;0.003
45300;0.0035
45352;0.004
45447;0.0065
45502;0.008
45558;0.0085
45608;0.01
45658;0.01
45708;0.01
45758;0.01
45808;0.0095
45864;0.009
45914;0.01
45979;0.0095
46029;0.009
46079;0.0095
46129;0.01
46179;0.01
46230;0.01
46280;0.0075
46330;0.006
46380;0.0055
46434;0.004
46484;0.004
46534;0.004
46584;0.0045
46634;0.004
46684;0.0045
46734;0.004
46784;0.0045
46834;0.0045
46884;0.005
46934;0.005
46984;0.006
47034;0.00725
47084;0.00725
47144;0.00825
47194;0.00962
47244;0.01013
47296;0.01013
47346;0.01013
47396;0.01013
47446;0.01013
47496;0.00962
47546;0.00987
47596;0.00987
47646;0.01038
47707;0.00987
47757;0.00937
47821;0.00787
47871;0.00613
47921;0.00663
47975;0.00513
48025;0.00375
48075;0.00375
48132;0.00425
48182;0.00525
48232;0.00525
48282;0.00525
48332;0.00525
48382;0.0045
48432;0.0045
48482;0.0045
48532;0.0045
48583;0.0045
48633;0.0045
48683;0.005
48733;0.0045
48783;0.0045
48834;0.0045
48884;0.0055
48934;0.005
48984;0.0045
49034;0.0045
49085;0.0045
49135;0.005
49185;0.005
49235;0.0045
49285;0.004
49350;0.004
49400;0.004
49452;0.004
49502;0.0045
49562;0.0045
49612;0.0045
49662;0.005
49712;0.0035
49762;0.0035
49812;0.0035
49862;0.003
49912;0.003
49962;0.0025
50012;0.0025
50062;0.004
50112;0.004
50162;0.0035
50212;0.004
50262;0.004
50312;0.003
50362;0.0035
50421;0.005
50471;0.0045
50521;0.0045
50571;0.0045
50621;0.004
50671;0.004
50721;0.004
50771;0.004
50821;0.004
50871;0.003
50921;0.003
50971;0.003
51021;0.0025
51071;0.003
51121;0.003
51171;0.0025
51227;0.002
51277;0.0025
51327;0.0025
51377;0.004
51427;0.004
51477;0.0045
51527;0.0055
51577;0.006
51627;0.0065
51677;0.0065
51727;0.0075
51782;0.008
51832;0.0085
51910;0.0085
51964;0.0085
52021;0.0085
52073;0.008
52123;0.008
52176;0.0085
52226;0.009
52282;0.0095
52332;0.01
52382;0.009
52432;0.0085
52482;0.008
52532;0.008
52582;0.008
52632;0.0075
52682;0.007
52732;0.00725
52782;0.00725
52832;0.00775
52882;0.00725
52932;0.00775
52982;0.00725
53032;0.00575
53082;0.00575
53132;0.00525
53182;0.00575
53232;0.00575
53282;0.00625
53332;0.00625
53382;0.00525
53432;0.00575
53482;0.00675
53532;0.0065
53582;0.007
53632;0.0065
53682;0.0065
53732;0.0055
53782;0.0055
53832;0.0055
53882;0.005
53932;0.006
53982;0.0055
54032;0.0055
54082;0.005
54132;0.0045
54182;0.005
54232;0.0045
54282;0.0035
54332;0.003
54382;0.0025
54432;0.003
54482;0.003
54532;0.0035
54582;0.0035
54632;0.003
54682;0.004
54732;0.0025
54782;0.0025
54832;0.003
54882;0.003
54932;0.003
54982;0.0025
55032;0.00338
55082;0.00388
55132;0.00438
55182;0.00438
55232;0.00488
55282;0.00563
55332;0.00563
55382;0.00563
55432;0.00613
55482;0.00563
55532;0.00563
55582;0.00563
55632;0.00513
55682;0.00613
55732;0.00663
55783;0.00713
55833;0.00625
55883;0.007
55933;0.0065
55992;0.0065
56042;0.0055
56092;0.00475
56142;0.00425
56192;0.00425
56242;0.00375
56293;0.00375
56343;0.00375
56393;0.00475
56443;0.00475
56493;0.00375
56543;0.004
56593;0.004
56643;0.004
56693;0.00375
56743;0.00375
56793;0.00425
56843;0.00425
56893;0.0055
56943;0.006
56993;0.0065
57043;0.007
57093;0.007
57143;0.007
57193;0.006
57243;0.006
57293;0.0065
57343;0.00575
57393;0.00525
57443;0.00575
57493;0.00475
57543;0.006
57593;0.0055
57643;0.0055
57693;0.00425
57743;0.00375
57793;0.00325
57843;0.00275
57893;0.00325
57943;0.00575
57993;0.00575
58043;0.00575
58093;0.00525
58143;0.00525
58193;0.00525
58243;0.00475
58293;0.00525
58343;0.0045
58394;0.0045
58444;0.005
58495;0.005
58545;0.0055
58595;0.006
58645;0.0065
58695;0.0055
58754;0.003
58804;0.003
58854;0.003
58904;0.003
58954;0.003
59004;0.0035
59054;0.004
59104;0.004
59154;0.0035
59204;0.0035
59254;0.003
59304;0.0035
59354;0.003
59404;0.0025
59454;0.002
59504;0.002
59554;0.002
59604;0.003
59654;0.0035
59704;0.0045
59754;0.0055
59804;0.005
59854;0.0045
59904;0.0045
59954;0.005
60004;0.0055
60054;0.0055
60104;0.0055
60154;0.006
60204;0.006
60262;0.006
60312;0.007
60362;0.0075
60433;0.0065
60483;0.006
60533;0.005
60583;0.0045
60633;0.0055
60683;0.0055
60733;0.0055
60783;0.0055
60834;0.0055
60884;0.0055
60934;0.0055
60984;0.006
61039;0.00825
61089;0.00825
61139;0.00725
61189;0.00725
61239;0.00775
61289;0.00925
61339;0.01538
61389;0.01688
61439;0.01738
61489;0.01738
61539;0.01838
61589;0.01788
61639;0.01788
61689;0.01888
61739;0.02038
61789;0.01988
61839;0.01763
61895;0.01763
61945;0.01813
61995;0.01763
62045;0.01713
62098;0.01563
62154;0.0105
62204;0.0085
62260;0.007
62311;0.0075
62361;0.006
62411;0.006
62461;0.0055
62588;0.005
62638;0.003
62688;0.003
62739;0.003
62789;0.0035
62839;0.003
62889;0.0035
62939;0.004
62989;0.004
63039;0.003
63089;0.00425
63139;0.00475
63189;0.00425
63239;0.00475
63289;0.00475
63339;0.00475
63389;0.00475
63439;0.00475
63489;0.00425
63539;0.00425
63596;0.00425
63646;0.00475
63696;0.00425
63746;0.00375
63796;0.00375
63846;0.00425
63896;0.0045
63946;0.0055
63996;0.006
64046;0.006
64096;0.006
64146;0.0065
64196;0.0065
64246;0.0065
64296;0.0065
64346;0.007
64396;0.007
64446;0.00775
64496;0.00775
64546;0.00825
64596;0.00875
64646;0.01025
64696;0.00875
64746;0.00775
64796;0.00775
64846;0.00725
64896;0.00775
64947;0.00775
65002;0.00875
65063;0.01063
65113;0.01063
65163;0.01213
65213;0.01213
65266;0.01088
65316;0.01088
65366;0.01088
65418;0.01038
65468;0.00838
65518;0.00838
65573;0.00787
65623;0.00738
65673;0.00738
65723;0.00688
65773;0.00688
65823;0.00538
65873;0.0035
65923;0.004
65973;0.002
66023;0.0015
66073;0.0015
66123;0.002
66173;0.0025
66223;0.0035
66273;0.004
66323;0.0045
66373;0.0045
66423;0.005
66473;0.0065
66523;0.0075
66573;0.008
66623;0.0105
66673;0.0115
66731;0.0115
66781;0.0115
66831;0.0125
66885;0.0125
66935;0.0125
66985;0.0115
67035;0.011
67085;0.011
67135;0.011
67185;0.012
67235;0.012
67285;0.011
67335;0.01
67385;0.009
67435;0.0065
67485;0.006
67535;0.0055
67592;0.0055
67642;0.0045
67693;0.0055
67743;0.005
67793;0.005
67843;0.0045
67898;0.004
67948;0.004
67998;0.0035
68048;0.004
68107;0.005
68157;0.005
68207;0.005
68257;0.0055
68307;0.005
68358;0.005
68408;0.0055
68461;0.0055
68518;0.005
68568;0.0055
68629;0.006
68679;0.006
68729;0.006
68779;0.006
68830;0.0055
68882;0.005
68932;0.004
68982;0.005
69032;0.00688
69087;0.00688
69137;0.00688
69187;0.00688
69244;0.00638
69294;0.00638
69344;0.00588
69394;0.00588
69444;0.00538
69494;0.00538
69544;0.00538
69594;0.00588
69644;0.00688
69694;0.01088
69744;0.01138
69794;0.01088
69844;0.0095
69894;0.0095
69944;0.0105
69995;0.0105
70045;0.0115
70096;0.0115
70146;0.0115
70196;0.011
70246;0.0115
70296;0.012
70346;0.012
70396;0.012
70446;0.011
70496;0.007
70546;0.0065
70596;0.006
70646;0.0055
70696;0.005
70752;0.004
70803;0.005
70853;0.0045
70903;0.005
70953;0.005
71003;0.005
71054;0.005
71106;0.0045
71156;0.0045
71206;0.004
71256;0.0045
71306;0.0045
71356;0.004
71406;0.0045
71456;0.0045
71506;0.0045
71556;0.0045
71608;0.0045
71658;0.005
71708;0.005
71758;0.00625
71808;0.00625
71858;0.00625
71908;0.00625
71958;0.00675
72008;0.00625
72064;0.00575
72114;0.00525
72166;0.007
72218;0.0065
72268;0.0065
72318;0.0065
72368;0.00925
72418;0.00825
72468;0.01075
72518;0.01025
72568;0.01
72618;0.01
72668;0.0095
72718;0.01
72768;0.01
72818;0.01
72869;0.011
72919;0.011
72969;0.00975
73026;0.01025
73076;0.01025
73126;0.01025
73176;0.008
73226;0.0085
73276;0.005
73326;0.005
73376;0.005
73426;0.0055
73476;0.0055
73526;0.006
73576;0.006
73626;0.006
73676;0.005
73726;0.0055
73776;0.005
73826;0.005
73876;0.0055
73926;0.0055
73991;0.005
74042;0.005
74092;0.005
74142;0.0055
74192;0.0045
74242;0.0045
74292;0.005
74342;0.0045
74392;0.004
74442;0.004
74492;0.004
74542;0.0035
74592;0.004
74642;0.0035
74692;0.003
74742;0.0035
74792;0.004
74842;0.0035
74892;0.0035
74942;0.003
74992;0.004
75042;0.004
75092;0.0035
75142;0.0035
75192;0.004
75242;0.00613
75292;0.00788
75342;0.00788
75392;0.00738
75442;0.00888
75492;0.00937
75542;0.00887
75592;0.00838
75642;0.00838
75693;0.00838
75743;0.00887
75793;0.00787
75843;0.00738
75893;0.00738
75943;0.00688
75993;0.00838
76043;0.00825
76093;0.0065
76143;0.007
76193;0.007
76243;0.0055
76293;0.00825
76343;0.00925
76393;0.00975
76443;0.00975
76493;0.01025
76543;0.01025
76593;0.01025
76643;0.01075
76695;0.01175
76745;0.01275
76795;0.01075
76845;0.00925
76895;0.00975
76948;0.00925
76998;0.00975
77049;0.00975
77099;0.0065
77149;0.0055
77199;0.00575
77249;0.00625
77299;0.00675
77349;0.00675
77399;0.00675
77449;0.00625
77499;0.00525
77549;0.00425
77599;0.00475
77649;0.00425
77699;0.00425
77749;0.00575
77799;0.00525
77849;0.0065
77899;0.0165
77949;0.017
77999;0.01625
78049;0.01625
78099;0.01525
78149;0.01475
78199;0.01525
78249;0.01575
78299;0.01675
78349;0.01675
78399;0.01625
78449;0.01625
78499;0.01575
78549;0.01425
78599;0.01525
78649;0.014
78699;0.004
78749;0.004
78799;0.0045
78849;0.004
78899;0.0065
78949;0.0095
78999;0.0095
79049;0.0095
79099;0.0105
79149;0.0105
79199;0.011
79249;0.012
79299;0.0125
79355;0.0125
79405;0.012
79456;0.013
79506;0.013
79556;0.013
79606;0.0135
79656;0.0135
79706;0.011
79756;0.008
79806;0.0075
79856;0.007
79906;0.005
79956;0.005
80006;0.0045
80056;0.0035
80106;0.0035
80156;0.0035
80206;0.003
80256;0.002
80306;0.003
80356;0.0025
80406;0.0015
80456;0.0015
80506;0.0015
80556;0.002
80606;0.002
80656;0.002
80706;0.0025
80756;0.0025
80806;0.0025
80856;0.003
80906;0.0025
80956;0.0025
81006;0.0025
81056;0.0035
81106;0.0025
81156;0.0025
81206;0.0025
81256;0.0025
81306;0.0035
81356;0.0035
81406;0.0035
81456;0.004
81506;0.0035
81556;0.0035
81606;0.0035
81656;0.0035
81706;0.004
81756;0.0045
81806;0.0055
81856;0.005
81906;0.005
81956;0.005
82006;0.0055
82056;0.0055
82106;0.0045
82156;0.004
82206;0.004
82256;0.0035
82306;0.004
82356;0.004
82406;0.005
82456;0.0055
82506;0.0055
82556;0.005
82606;0.0045
82656;0.0045
82706;0.0055
82756;0.006
82806;0.006
82856;0.006
82906;0.006
82956;0.0065
83006;0.0065
83056;0.007
83106;0.008
83156;0.008
83207;0.0075
83259;0.007
83309;0.0065
83363;0.0065
83414;0.0065
83464;0.00738
83514;0.00638
83564;0.00787
83614;0.00838
83664;0.00937
83714;0.01038
83764;0.00987
83814;0.00987
83867;0.00937
83917;0.00838
83967;0.00887
84018;0.00887
84068;0.00838
84126;0.00887
84176;0.00887
84226;0.00838
84276;0.008
84326;0.0085
84376;0.0075
84426;0.007
84476;0.006
84526;0.005
84576;0.0055
84626;0.007
84676;0.007
84726;0.0065
84776;0.0065
84826;0.006
84876;0.00725
84926;0.00725
84976;0.00725
85026;0.00775
85076;0.00675
85126;0.00625
85176;0.00575
85226;0.006
85276;0.006
85326;0.006
85376;0.0055
85426;0.0045
85476;0.0045
85526;0.0045
85576;0.004
85629;0.004
85679;0.00275
85729;0.00225
85779;0.00225
85829;0.00225
85879;0.00225
85929;0.00225
85979;0.00175
86029;0.001
86079;0.001
86129;0.001
86179;0.001
86229;0.0005
86279;0.0005
86329;0.0005
86379;0.0005
86429;0.0005
86479;0.0005
86529;0.0005
86579;0.0005
86629;0
86679;0
86729;0
86779;0
86829;0
86879;0.0005
86929;0.0005
86979;0.0005
87029;0.0005
87079;0.0005
87129;0.0005
87179;0.001
87232;0.001
87282;0.001
87332;0.001
87382;0.001
87432;0.001
87482;0.0015
87532;0.0015
87582;0.0015
87632;0.0015
87682;0.001
87732;0.001
87782;0.0015
87832;0.0015
87891;0.0015
87941;0.0015
87991;0.001
88041;0.001
88091;0.001
88141;0.001
88191;0.001
88241;0.001
88291;0.0005
88341;0.0005
88391;0.0005
88441;0.0005
88491;0.0005
88541;0.0005
88642;0
88692;0
88742;0
88792;0
88842;0
88892;0.0005
88942;0.0005
88992;0.0005
89042;0.0005
89092;0.0005
89142;0.0005
89192;0.0005
89242;0.0005
89292;0.001
89342;0.001
89392;0.001
89442;0.001
89492;0.0015
89542;0.0015
89592;0.0015
89642;0.0015
89692;0.001
89742;0.001
89792;0.0015
89866;0.0015
89916;0.0015
89966;0.0015
90016;0.0015
90066;0.0015
90116;0.001
90166;0.001
90216;0.001
90266;0.001
90316;0.0005
90366;0.0005
90416;0.0005
90466;0.0005
90516;0.001
90566;0.001
90616;0.0005
90666;0.0015
90716;0.0015
90766;0.0015
90816;0.0015
90866;0.0015
90916;0.0015
90969;0.0015
91019;0.0015
91069;0.0015
91119;0.0015
91169;0.0025
91219;0.0025
91269;0.0025
91319;0.002
91369;0.002
91419;0.002
91469;0.0015
91519;0.002
91569;0.002
91619;0.002
91669;0.002
91719;0.002
91769;0.002
91819;0.0025
91869;0.0025
91919;0.0045
91969;0.0035
92019;0.0035
92069;0.0035
92119;0.0035
92169;0.0035
92219;0.0035
92269;0.003
92337;0.0025
92387;0.0025
92437;0.0025
92487;0.0025
92537;0.0025
92587;0.0025
92637;0.002
92687;0.002
92737;0
92787;0
92837;0
92887;0
92937;0
92987;0
93037;0.0005
93087;0.0005
93137;0.0005
93187;0.0005
93237;0.0005
93287;0.0005
93337;0.0005
93387;0.0005
93437;0.0005
93487;0.0005
93537;0.0005
93587;0.0005
93637;0.0005
93687;0.0005
93737;0.0005
93787;0.0005
93837;0
93887;0
93937;0
93987;0
94037;0
94087;0
94137;0
94187;0
94237;0
94287;0
94337;0
94387;0.0015
94437;0.003
94487;0.003
94537;0.003
94587;0.003
94637;0.0035
94687;0.004
94737;0.0045
94787;0.0045
94837;0.0045
94887;0.0045
94937;0.0045
94987;0.0045
95037;0.0045
95087;0.0045
95137;0.0045
95187;0.003
95237;0.0015
95287;0.0015
95337;0.0015
95387;0.0015
95437;0.001
95487;0.0005
95537;0
95587;0
95637;0
95687;0
95737;0
95787;0
95837;0
95887;0
95937;0
95987;0
96037;0
96087;0
96137;0
96187;0
96237;0
96287;0
96337;0
96387;0
96437;0
96487;0
96537;0
96587;0
96637;0
96687;0
96738;0
96788;0
96838;0
96888;0
96938;0
96988;0
97038;0
97088;0
97138;0
97188;0
97238;0
97288;0
97338;0
97388;0
97438;0
97488;0
97538;0
97588;0
97638;0
97688;0
97738;0
97788;0
97838;0
97888;0
97938;0
97988;0
98038;0
98088;0.0005
98138;0.0005
98188;0.0005
98238;0.0005
98288;0.0005
98338;0.0005
98388;0.0005
98438;0.0005
98488;0.0005
98538;0.0005
98588;0.0005
98638;0.0005
98688;0.0005
98738;0.0005
98788;0.0005
98838;0.0005
98888;0
98938;0
98988;0
99038;0
99088;0
99138;0
99188;0
99238;0
99288;0
99338;0
99388;0.0005
99438;0.001
99488;0.001
99538;0.001
99588;0.001
99638;0.001
99695;0.001
99745;0.001
99795;0.001
99845;0.001
99895;0.0015
99945;0.0015
99995;0.0015
100045;0.0015
100095;0.0015
100145;0.0015
100195;0.001
100245;0.0005
100295;0.0005
100345;0.0005
100395;0.0005
100445;0.0005
100495;0.0005
100545;0.0005
100595;0.0005
100645;0.0005
100695;0
100745;0
100795;0
100845;0
100895;0
100945;0
100995;0
101045;0
101095;0
101145;0
101195;0
101245;0
101295;0
101345;0
101395;0
101445;0
101495;0
101545;0
101595;0
101645;0
101695;0
101745;0
101795;0
101845;0
101895;0
101945;0
101995;0
102045;0
102095;0
102145;0
102195;0
102245;0
102295;0
102345;0
102395;0
102445;0
102495;0
102545;0.0005
102595;0.001
102645;0.001
102695;0.0015
102745;0.0015
102795;0.0015
102845;0.0015
102895;0.0015
102945;0.0015
102995;0.0015
103045;0.0015
103095;0.0015
103145;0.0015
103195;0.0015
103245;0.0015
103295;0.0015
103345;0.001
103395;0.0005
103445;0.001
103496;0.0005
103546;0.0005
103596;0.0005
103646;0.0005
103696;0.0005
103746;0.0005
103796;0.0005
103846;0.0005
103896;0.0005
103946;0.0005
103996;0.0005
104046;0.0005
104096;0.0005
104146;0.0005
104196;0.0005
104246;0
104296;0
104346;0
104396;0
104446;0
104496;0
104546;0
104596;0
104646;0.0005
104699;0.0005
104749;0.0005
104799;0.0005
104849;0.0005
104899;0.0005
104949;0.0005
104999;0.0005
105049;0.0005
105099;0.0005
105149;0.0005
105199;0.0005
105249;0.0005
105299;0.0005
105349;0.0005
105399;0.0005
105449;0
105499;0
105549;0
105599;0
105649;0
105699;0
105749;0
105799;0
105849;0
105899;0
105949;0
105999;0.001
106049;0.001
106099;0.001
106149;0.001
106199;0.0015
106249;0.0015
106299;0.0015
106349;0.0015
106399;0.0015
106449;0.0015
106499;0.0015
106549;0.0015
106599;0.0015
106649;0.0015
106699;0.0015
106749;0.0015
106799;0.0005
106849;0.0005
106899;0.0005
106949;0.0005
106999;0
107049;0
107099;0
107149;0
107199;0
107249;0
107299;0
107349;0
107399;0
107449;0
107499;0
107549;0
107599;0
107649;0
107699;0
107749;0
107799;0
107849;0.0005
107899;0.001
107949;0.001
107999;0.001
108049;0.001
108099;0.001
108149;0.001
108199;0.001
108249;0.001
108299;0.001
108349;0.001
108399;0.001
108449;0.001
108499;0.001
108549;0.001
108599;0.001
108649;0.0005
108699;0
108749;0.0015
108799;0.0015
108849;0.0015
108899;0.0015
108949;0.0015
108999;0.0015
109049;0.0015
109099;0.0015
109149;0.0015
109199;0.0015
109249;0.0015
109299;0.0015
109349;0.0015
109399;0.0015
109449;0.0015
109499;0.0015
109549;0
109599;0
109649;0
109699;0
109749;0
109800;0
109850;0.0005
109900;0.0005
109950;0.0005
110000;0.0005
110050;0.0005
110100;0.0005
110150;0.0005
110200;0.0005
110250;0.001
110300;0.0015
110350;0.002
110400;0.009
110450;0.01
110500;0.0115
110571;0.0125
110621;0.013
110671;0.013
110721;0.01488
110771;0.01688
110878;0.01763
110928;0.01813
110978;0.01863
111028;0.02
111078;0.0205
111128;0.021
111178;0.022
111228;0.022
111278;0.017
111328;0.0185
111378;0.0175
111428;0.0165
111478;0.0165
111528;0.016
111578;0.0155
111628;0.014
111684;0.01375
111734;0.01375
111784;0.01425
111834;0.01338
111884;0.01338
111934;0.01288
111984;0.01188
112034;0.01138
112084;0.01038
112134;0.00838
112184;0.00838
112234;0.00912
112284;0.00863
112334;0.00863
112384;0.00825
112434;0.00875
112484;0.00825
112534;0.00825
112584;0.00725
112634;0.00675
112684;0.00675
112734;0.00675
112784;0.00675
112834;0.00775
112884;0.00775
112934;0.00775
112984;0.01113
113034;0.01838
113084;0.02088
113134;0.02288
113184;0.02388
113235;0.02288
113285;0.02288
113335;0.02338
113385;0.02538
113439;0.02688
113489;0.02688
113541;0.02688
113598;0.02738
113648;0.02813
113698;0.02763
113748;0.02863
113798;0.02575
113848;0.02075
113898;0.02425
113948;0.02425
114002;0.02425
114054;0.02475
114104;0.02825
114154;0.02875
114204;0.02775
114254;0.028
114304;0.0275
114354;0.027
114421;0.026
114471;0.02675
114529;0.02625
114579;0.02575
114629;0.02475
114679;0.02225
114729;0.01675
114779;0.01575
114830;0.01475
114881;0.01525
114931;0.01175
114981;0.01025
115031;0.01175
115081;0.0115
115131;0.0115
115181;0.0115
115231;0.0115
115281;0.01
115331;0.01
115381;0.0095
115431;0.0095
115481;0.009
115531;0.0095
115581;0.014
115631;0.014
115681;0.0135
115731;0.014
115781;0.0145
115831;0.0125
115890;0.012
115942;0.0125
115996;0.0135
116046;0.0135
116098;0.013
116149;0.013
116199;0.0125
116249;0.01375
116299;0.01375
116349;0.01275
116399;0.00725
116449;0.00675
116499;0.00675
116549;0.00625
116599;0.00575
116649;0.00625
116699;0.00575
116749;0.00525
116799;0.00425
116849;0.00513
116899;0.00513
116949;0.00513
116999;0.00513
117049;0.00488
117099;0.00488
117149;0.00488
117199;0.00588
117249;0.00588
117299;0.01038
117349;0.01038
117399;0.01138
117449;0.01038
117499;0.01038
117549;0.01038
117599;0.01038
117649;0.0105
117699;0.01
117751;0.01
117801;0.011
117851;0.0105
117901;0.0105
117951;0.012
118001;0.012
118051;0.0115
118101;0.0065
118151;0.0065
118201;0.006
118251;0.0065
118301;0.0065
118351;0.0075
118401;0.0095
118451;0.0085
118501;0.0085
118551;0.0085
118601;0.008
118662;0.0075
118712;0.0075
118766;0.006
118816;0.0055
118866;0.0055
118916;0.0055
118966;0.0065
119016;0.0085
119066;0.0085
119116;0.009
119166;0.0105
119216;0.01225
119266;0.01275
119316;0.01275
119366;0.01275
119416;0.01225
119466;0.01225
119516;0.01225
119566;0.01225
119616;0.01175
119667;0.01175
119717;0.01175
119767;0.01125
119817;0.00875
119867;0.00825
119917;0.00725
119967;0.00475
120017;0.0015
120067;0.0015
120117;0.002
120167;0.002
120217;0.002
120267;0.002
120317;0.002
120367;0.0025
120417;0.0025
120467;0.0025
120517;0.003
120567;0.003
120617;0.003
120667;0.0035
120717;0.006
120767;0.0075
120817;0.0085
120867;0.0095
120917;0.009
120967;0.01
121017;0.01
121067;0.01
121119;0.011
121169;0.0105
121219;0.011
121269;0.012
121319;0.0125
121369;0.012
121419;0.013
121469;0.0125
121519;0.01
121569;0.0085
121623;0.008
121673;0.0065
121723;0.0065
121773;0.006
121825;0.006
121875;0.006
121925;0.005
121975;0.005
122025;0.005
122075;0.004
122125;0.003
122175;0.003
122225;0.0025
122275;0.0025
122325;0.003
122375;0.003
122425;0.0025
122475;0.0025
122525;0.0025
122575;0.002
122625;0.0025
122675;0.0025
122725;0.004
122775;0.004
122825;0.0035
122875;0.0035
122925;0.004
122975;0.004
123025;0.004
123075;0.004
123125;0.0035
123175;0.0035
123225;0.003
123275;0.003
123325;0.0045
123375;0.005
123425;0.005
123475;0.0055
123525;0.00525
123575;0.00525
123625;0.00575
123675;0.00625
123725;0.00675
123775;0.00875
123825;0.00875
123875;0.00875
123925;0.0115
123975;0.0125
124028;0.0125
124084;0.0125
124138;0.0125
124189;0.013
124240;0.0135
124301;0.0135
124357;0.01375
124407;0.01375
124457;0.01375
124507;0.01613
124557;0.01638
124607;0.01588
124657;0.01588
124707;0.01888
124757;0.01713
124807;0.01838
124857;0.02038
124907;0.02188
124957;0.02213
125007;0.02263
125057;0.02413
125107;0.02463
125157;0.02588
125207;0.02838
125257;0.03013
125313;0.02925
125363;0.02925
125413;0.02825
125463;0.02975
125513;0.02825
125563;0.02825
125613;0.027
125663;0.025
125713;0.025
125763;0.02425
125819;0.02325
125875;0.02125
125925;0.02125
125975;0.019
126025;0.018
126075;0.017
126125;0.015
126175;0.01475
126225;0.01525
126284;0.01375
126334;0.01425
126384;0.01325
126434;0.014
126484;0.0155
126534;0.01575
126584;0.01525
126634;0.01575
126684;0.0175
126734;0.017
126796;0.0175
126846;0.017
126896;0.01675
126946;0.01775
126996;0.01825
127046;0.01825
127096;0.019
127146;0.019
127196;0.0205
127246;0.01975
127296;0.01975
127346;0.02075
127396;0.02438
127446;0.02438
127540;0.02313
127590;0.02488
127640;0.02688
127690;0.02788
127740;0.02888
127790;0.02788
127852;0.02738
127902;0.02813
127952;0.02788
128002;0.02788
128052;0.02888
128102;0.03113
128152;0.03013
128202;0.02838
128252;0.02563
128302;0.02563
128352;0.02763
128402;0.02588
128452;0.02338
128502;0.02188
128552;0.01988
128602;0.01988
128652;0.01888
128702;0.01713
128752;0.01613
128802;0.01413
128852;0.01163
128902;0.00887
128973;0.00838
129044;0.00738
129094;0.006
129144;0.005
129194;0.002
129244;0.0015
129294;0.001
129344;0.0005
129394;0.0005
129444;0.0005
129494;0.0005
129544;0.0005
129594;0.0005
129644;0.0005
129694;0.0005
129744;0
129795;0
129845;0
129895;0
129945;0
129995;0
130045;0.0015
130095;0.0015
130145;0.0015
130195;0.0015
130245;0.0015
130295;0.0015
130345;0.0015
130395;0.0015
130445;0.0015
130495;0.0015
130545;0.0015
130595;0.0015
130645;0.0015
130695;0.0015
130745;0.0015
130795;0.0015
130845;0
130895;0.0005
130945;0.001
130995;0.001
131045;0.001
131095;0.001
131145;0.001
131195;0.001
131245;0.001
131295;0.001
131345;0.001
131395;0.001
131445;0.001
131495;0.001
131545;0.001
131595;0.001
131645;0.001
131695;0.0005
131745;0
131795;0
131845;0
131895;0
131945;0
131995;0
132045;0
132095;0
132145;0
132195;0
132245;0
132295;0
132345;0
132395;0
132445;0
132495;0
132545;0
132595;0.0005
132645;0.0005
132695;0.0005
132745;0.0005
132795;0.0015
132845;0.0015
132895;0.0015
132945;0.0015
132995;0.0015
133045;0.0015
133095;0.0015
133145;0.0015
133195;0.0015
133245;0.0015
133295;0.0015
133345;0.0015
133395;0.001
133445;0.001
133495;0.001
133545;0.001
133595;0
133645;0
133695;0
133745;0
133795;0
133845;0
133895;0
133945;0
133995;0
134045;0
134095;0
134145;0.0005
134195;0.0005
134245;0.0005
134295;0.0005
134345;0.0005
134395;0.0005
134445;0.0005
134495;0.0005
134545;0.0005
134595;0.0005
134645;0.0005
134695;0.0005
134745;0.0005
134795;0.0005
134845;0.0005
134898;0.0005
134948;0
134998;0
135048;0
135098;0
135148;0
135198;0
135248;0
135298;0
135348;0.0005
135398;0.0005
135448;0.0005
135498;0.0005
135548;0.0005
135598;0.0005
135648;0.0005
135698;0.0005
135748;0.0005
135798;0.0005
135848;0.0005
135898;0.0005
135948;0.0005
135998;0.0005
136048;0.0005
136099;0.001
136149;0.0005
136199;0.001
136249;0.0015
136299;0.0015
136349;0.0015
136399;0.0015
136449;0.0015
136499;0.0015
136549;0.0015
136599;0.0015
136649;0.0015
136699;0.0015
136749;0.0015
136799;0.0015
136849;0.0015
136899;0.001
136949;0.001
136999;0.0005
137049;0
137099;0
137149;0
137199;0
137249;0
137299;0
137349;0
137399;0
137449;0
137499;0
137549;0
137599;0
137649;0
137699;0
137749;0
137799;0
137849;0
137899;0
137949;0
137999;0
138049;0
138099;0
138149;0
138199;0
138249;0
138299;0
138349;0
138399;0
138449;0
138499;0
138549;0
138599;0
138649;0
138699;0
138749;0
138799;0
138849;0
138899;0.0005
138949;0.0005
138999;0.0005
139049;0.0005
139099;0.0005
139149;0.0005
139199;0.0005
139249;0.0005
139299;0.0005
139349;0.001
139399;0.0015
139449;0.0015
139499;0.0015
139549;0.0015
139599;0.0015
139649;0.0015
139699;0.001
139749;0.001
139799;0.001
139850;0.001
139906;0.001
139956;0.001
140006;0.001
140056;0.001
140106;0.001
140156;0.0005
140206;0
140256;0
140306;0
140356;0
140406;0
140456;0
140506;0
140556;0
140606;0
140656;0
140706;0.0005
140756;0.0005
140806;0.0005
140856;0.0005
140906;0.0005
140956;0.0005
141006;0.0005
141056;0.0005
141106;0.0005
141156;0.0005
141206;0.0005
141256;0.0005
141306;0.0005
141356;0.0005
141406;0.0005
141456;0.0005
141506;0
141556;0
141606;0
141656;0
141706;0
141756;0
141806;0
141856;0
141906;0
141956;0
142006;0
142056;0
142106;0
142156;0
142206;0
142256;0
142306;0
142356;0
142406;0
142456;0
142506;0
142556;0
142606;0
142656;0
142706;0
142756;0
142806;0
142857;0
142907;0
142957;0
143007;0
143057;0
143107;0
143157;0
143207;0
143257;0
143307;0
143357;0
143407;0
143457;0
143507;0
143557;0
143607;0
143657;0
143707;0
143757;0
143807;0
143857;0
143907;0
143957;0
144007;0
144057;0.0005
144107;0.001
144157;0.0015
144207;0.0015
144257;0.0015
144307;0.0015
144357;0.0015
144407;0.0045
144457;0.0045
144507;0.0045
144557;0.0045
144607;0.0045
144657;0.0045
144707;0.0045
144757;0.0045
144807;0.0045
144857;0.004
144907;0.0035
144957;0.003
145007;0.003
145057;0.003
145107;0.003
145157;0.003
145207;0
145257;0
145307;0
145357;0
145407;0
145457;0
145507;0
145557;0
145607;0
145657;0
145707;0
145757;0.0005
145807;0.0005
145857;0.0005
145907;0.0005
145957;0.0005
146007;0.0005
146057;0.0005
146107;0.0005
146157;0.0005
146207;0.0005
146257;0.0005
146307;0.0005
146357;0.0005
146407;0.0005
146457;0.0005
146507;0.0005
146557;0
146607;0
146657;0
146707;0
146757;0
146807;0
146857;0.0015
146907;0.002
146957;0.0025
147007;0.0025
147057;0.0025
147107;0.0025
147157;0.0025
147207;0.0025
147278;0.003
147328;0.0035
147378;0.0035
147428;0.0035
147478;0.0035
147528;0.0035
147578;0.0035
147628;0.0045
147678;0.003
147728;0.0025
147778;0.002
147828;0.002
147878;0.002
147928;0.002
147978;0.002
148028;0.002
148078;0.0015
148128;0.002
148178;0.002
148228;0.002
148278;0.0025
148328;0.0025
148378;0.0025
148428;0.0015
148478;0.0015
148528;0.0015
148578;0.0015
148631;0.0015
148681;0.0015
148731;0.0015
148781;0.0015
148831;0.0015
148881;0.0015
148931;0.0005
148981;0.001
149031;0.001
149081;0.0005
149131;0.0005
149181;0.0005
149231;0.0005
149281;0.001
149331;0.001
149381;0.001
149431;0.001
149481;0.0015
149531;0.0015
149581;0.0015
149631;0.0015
149681;0.0015
149755;0.0015
149805;0.001
149855;0.001
149905;0.0015
149955;0.0015
150005;0.0015
150055;0.0015
150105;0.001
150155;0.001
150205;0.001
150255;0.001
150305;0.0005
150355;0.0005
150405;0.0005
150455;0.0005
150505;0.0005
150555;0.0005
150605;0.0005
150655;0.0005
150705;0
150755;0
150805;0
150855;0
150956;0
151006;0.0005
151056;0.0005
151106;0.0005
151156;0.0005
151206;0.0005
151256;0.0005
151306;0.001
151356;0.001
151406;0.001
151456;0.001
151506;0.001
151556;0.001
151606;0.0015
151656;0.0015
151715;0.0015
151765;0.0015
151815;0.001
151865;0.001
151915;0.0015
151965;0.0015
152015;0.0015
152065;0.0015
152115;0.001
152165;0.001
152215;0.001
152265;0.001
152315;0.001
152368;0.001
152418;0.0005
152468;0.0005
152518;0.0005
152568;0.0005
152618;0.0005
152668;0.0005
152718;0
152768;0
152818;0
152868;0
152918;0
152968;0.0005
153018;0.0005
153068;0.0005
153118;0.0005
153168;0.0005
153218;0.0005
153268;0.0005
153318;0.0005
153368;0.001
153418;0.001
153468;0.001
153518;0.001
153568;0.001
153601;0.00104
